{"stats":{"minecraft:custom":{"minecraft:jump":2,"minecraft:time_since_rest":1268,"minecraft:damage_dealt":650,"minecraft:leave_game":1,"minecraft:sprint_one_cm":2888,"minecraft:deaths":1,"minecraft:play_time":1517,"minecraft:damage_taken":210,"minecraft:time_since_death":1238,"minecraft:walk_one_cm":9505,"minecraft:total_world_time":1550,"minecraft:mob_kills":4,"minecraft:fly_one_cm":2062,"minecraft:animals_bred":1},"minecraft:killed_by":{"forscherfreundemod:cloudy":1},"minecraft:used":{"forscherfreundemod:ruby_sword":5},"minecraft:killed":{"forscherfreundemod:cloudy":1,"forscherfreundemod:porcupine":3}},"DataVersion":3578}