{"stats":{"minecraft:used":{"forscherfreundemod:ruby_sword":4},"minecraft:custom":{"minecraft:jump":1,"minecraft:time_since_rest":1187,"minecraft:damage_dealt":510,"minecraft:leave_game":1,"minecraft:sprint_one_cm":570,"minecraft:play_time":1187,"minecraft:damage_taken":70,"minecraft:time_since_death":1187,"minecraft:walk_one_cm":10375,"minecraft:total_world_time":1363,"minecraft:mob_kills":3,"minecraft:fly_one_cm":479},"minecraft:killed":{"minecraft:slime":1,"forscherfreundemod:cloudy":1,"forscherfreundemod:porcupine":1}},"DataVersion":3578}