{"stats":{"minecraft:crafted":{"forscherfreundemod:ruby_chestplate":1,"minecraft:air":0},"minecraft:used":{"minecraft:redstone_torch":4,"minecraft:item_frame":18,"minecraft:redstone_lamp":4,"minecraft:dark_oak_hanging_sign":5,"minecraft:grass_block":5,"minecraft:armor_stand":8,"minecraft:smithing_table":1,"minecraft:cherry_trapdoor":1,"minecraft:stripped_cherry_log":130,"minecraft:white_concrete":27,"minecraft:cherry_log":50},"minecraft:custom":{"minecraft:time_since_rest":19628,"minecraft:interact_with_smithing_table":5,"minecraft:crouch_one_cm":443,"minecraft:play_time":19628,"minecraft:sprint_one_cm":5002,"minecraft:walk_one_cm":65003,"minecraft:sneak_time":162,"minecraft:jump":23,"minecraft:leave_game":1,"minecraft:time_since_death":19628,"minecraft:total_world_time":19642,"minecraft:fly_one_cm":7406}},"DataVersion":3578}