{"stats":{"minecraft:used":{"forscherfreundemod:ruby_sword":5},"minecraft:custom":{"minecraft:jump":5,"minecraft:time_since_rest":1884,"minecraft:damage_dealt":640,"minecraft:leave_game":1,"minecraft:sprint_one_cm":1682,"minecraft:play_time":1884,"minecraft:time_since_death":1884,"minecraft:walk_one_cm":8121,"minecraft:total_world_time":1981,"minecraft:mob_kills":4,"minecraft:fly_one_cm":1721,"minecraft:animals_bred":1},"minecraft:killed":{"forscherfreundemod:cloudy":1,"forscherfreundemod:porcupine":3}},"DataVersion":3578}