{"stats":{"minecraft:used":{"forscherfreundemod:ruby_sword":3},"minecraft:custom":{"minecraft:time_since_rest":1213,"minecraft:damage_dealt":350,"minecraft:leave_game":1,"minecraft:sprint_one_cm":25,"minecraft:play_time":1213,"minecraft:damage_taken":35,"minecraft:time_since_death":1213,"minecraft:walk_one_cm":8733,"minecraft:total_world_time":1295,"minecraft:mob_kills":2,"minecraft:fly_one_cm":264},"minecraft:killed":{"forscherfreundemod:cloudy":1,"forscherfreundemod:porcupine":1}},"DataVersion":3578}